{"cameraMode":{"drawMode":0,"name":"Shaded","section":"Shading Mode"},"sceneLighting":true,"audioPlay":false,"sceneViewState":{"m_AlwaysRefresh":false,"showFog":true,"showSkybox":true,"showFlares":true,"showImageEffects":true,"showParticleSystems":true,"showVisualEffectGraphs":true,"m_FxEnabled":true},"in2DMode":false,"pivot":{"x":-0.21269607543945313,"y":-13.394538879394532,"z":13.813395500183106},"rotation":{"x":0.47761353850364687,"y":0.4328974187374115,"z":-0.29276904463768008,"w":0.7062841653823853},"size":12.233028411865235,"orthographic":false}